{"ambient":[1,1,1],"ambientTint":true,"aoMapChannel":"r","aoMapUv":0,"aoMapTiling":[1,1],"aoMapOffset":[0,0],"diffuse":[1,1,1],"diffuseMapChannel":"rgb","diffuseMapUv":0,"diffuseMapTiling":[1,1],"diffuseMapOffset":[0,0],"specular":[0.23,0.23,0.23],"specularMapChannel":"rgb","specularMapUv":0,"specularMapTiling":[1,1],"specularMapOffset":[0,0],"specularAntialias":true,"occludeSpecular":1,"specularityFactor":1,"specularityFactorMap":null,"specularityFactorMapChannel":"rgb","specularityFactorMapUv":0,"specularityFactorMapTiling":[1,1],"specularityFactorMapOffset":[0,0],"enableGGXSpecular":false,"anisotropy":0,"useMetalness":false,"metalness":1,"metalnessMapChannel":"r","metalnessMapUv":0,"metalnessMapTiling":[1,1],"metalnessMapOffset":[0,0],"useMetalnessSpecularColor":false,"conserveEnergy":true,"shininess":32,"glossMapChannel":"r","glossMapUv":0,"glossMapTiling":[1,1],"glossMapOffset":[0,0],"clearCoat":0,"clearCoatMapChannel":"r","clearCoatMapUv":0,"clearCoatMapTiling":[1,1],"clearCoatMapOffset":[0,0],"clearCoatVertexColor":false,"clearCoatVertexColorChannel":"r","clearCoatGlossiness":1,"clearCoatGlossMapChannel":"r","clearCoatGlossMapUv":0,"clearCoatGlossMapTiling":[1,1],"clearCoatGlossMapOffset":[0,0],"clearCoatGlossVertexColor":false,"clearCoatGlossVertexColorChannel":"r","clearCoatBumpiness":1,"clearCoatNormalMapUv":0,"clearCoatNormalMapTiling":[1,1],"clearCoatNormalMapOffset":[0,0],"emissive":[0,0,0],"emissiveMapChannel":"rgb","emissiveMapUv":0,"emissiveMapTiling":[1,1],"emissiveMapOffset":[0,0],"emissiveIntensity":1,"normalMapTiling":[1,1],"normalMapOffset":[0,0],"normalMapUv":0,"bumpMapFactor":1,"heightMapChannel":"r","heightMapUv":0,"heightMapTiling":[1,1],"heightMapOffset":[0,0],"heightMapFactor":1,"alphaToCoverage":false,"alphaTest":0,"alphaFade":1,"opacity":0,"opacityMapChannel":"a","opacityMapUv":0,"opacityMapTiling":[1,1],"opacityMapOffset":[0,0],"opacityFadesSpecular":true,"reflectivity":1,"refraction":0,"refractionIndex":0.6666666666666666,"cubeMapProjection":0,"cubeMapProjectionBox":{"center":[0,0,0],"halfExtents":[0.5,0.5,0.5]},"lightMapChannel":"rgb","lightMapUv":1,"lightMapTiling":[1,1],"lightMapOffset":[0,0],"depthTest":true,"depthWrite":true,"cull":1,"blendType":4,"shader":"blinn","useFog":true,"useLighting":true,"useSkybox":true,"useGammaTonemap":true,"clearCoatGloss":1,"useTonemap":true,"diffuseTint":true,"emissiveTint":true,"metalnessTint":true,"sheenTint":true,"sheenGlossTint":true,"mapping_format":"path"}